{"cameraMode":{"drawMode":0,"name":"Shaded","section":"Shading Mode"},"sceneLighting":true,"audioPlay":false,"sceneViewState":{"m_AlwaysRefresh":false,"showFog":true,"showSkybox":true,"showFlares":true,"showImageEffects":true,"showParticleSystems":true,"showVisualEffectGraphs":true,"m_FxEnabled":true},"in2DMode":false,"pivot":{"x":-3.622771739959717,"y":1.6933327913284302,"z":-0.5169409513473511},"rotation":{"x":-0.12964379787445069,"y":0.8242694139480591,"z":-0.20964360237121583,"w":-0.5097286701202393},"size":0.07840795069932938,"orthographic":true}